<?xml version="1.0" encoding="utf-8" ?>
<manifest identifier="SE910_swf_2019" version="1.0" 
       xmlns="http://www.imsproject.org/xsd/imscp_rootv1p1p2"
       xmlns:adlcp="http://www.adlnet.org/xsd/adlcp_rootv1p2"
       xmlns:xsi="http://www.w3.org/2001/XMLSchema-instance"
       xsi:schemaLocation="http://www.imsproject.org/xsd/imscp_rootv1p1p2 imscp_rootv1p1p2.xsd
                           http://www.imsglobal.org/xsd/imsmd_rootv1p2p1 imsmd_rootv1p2p1.xsd
                           http://www.adlnet.org/xsd/adlcp_rootv1p2 adlcp_rootv1p2.xsd">
	<metadata>
		<schema>ADL SCORM</schema>
		<schemaversion>1.2</schemaversion>
		<adlcp:location>metadata.xml</adlcp:location> 
	</metadata>
	<organizations default="SE910_swf_2019_ORG">
		<organization identifier="SE910_swf_2019_ORG">
			<title>Каптивейт 2019 Флэш</title>
			<item identifier="SE910_swf_2019" isvisible="true" identifierref="SE910_swf_2019_RES">
				<title>Каптивейт 2019 Флэш</title>
			</item>
			<metadata>
				<schema>ADL SCORM</schema>
				<schemaversion>1.2</schemaversion>
				<adlcp:location>metadata.xml</adlcp:location> 
			</metadata>	
		</organization>
	</organizations>
	<resources>
		<resource identifier="SE910_swf_2019_RES" type="webcontent" href="index_scorm.html" adlcp:scormtype="sco">
			
			<metadata>
				<schema>ADL SCORM</schema>
				<schemaversion>1.2</schemaversion>
				<adlcp:location>metadata.xml</adlcp:location> 
			</metadata>
			
			<file href="ar/Mouse.mp3"/>
		    <file href="index_scorm.html"/>
			<file href="scormdriver.js"/>
			<file href="browsersniff.js"/>
			
<file href="assets/TOC_icons/collapseIcon.png"/> 
<file href="assets/TOC_icons/expandIcon.png"/> 
<file href="assets/TOC_icons/photo.png"/> 
<file href="assets/css/CPLibraryAll.css"/> 
<file href="assets/css/start/images/animated-overlay.gif"/> 
<file href="assets/css/start/images/ui-bg_flat_55_999999_40x100.png"/> 
<file href="assets/css/start/images/ui-bg_flat_75_aaaaaa_40x100.png"/> 
<file href="assets/css/start/images/ui-bg_glass_45_0078ae_1x400.png"/> 
<file href="assets/css/start/images/ui-bg_glass_55_f8da4e_1x400.png"/> 
<file href="assets/css/start/images/ui-bg_glass_75_79c9ec_1x400.png"/> 
<file href="assets/css/start/images/ui-bg_gloss-wave_45_e14f1c_500x100.png"/> 
<file href="assets/css/start/images/ui-bg_gloss-wave_50_6eac2c_500x100.png"/> 
<file href="assets/css/start/images/ui-bg_gloss-wave_75_2191c0_500x100.png"/> 
<file href="assets/css/start/images/ui-bg_inset-hard_100_fcfdfd_1x100.png"/> 
<file href="assets/css/start/images/ui-icons_0078ae_256x240.png"/> 
<file href="assets/css/start/images/ui-icons_056b93_256x240.png"/> 
<file href="assets/css/start/images/ui-icons_d8e7f3_256x240.png"/> 
<file href="assets/css/start/images/ui-icons_e0fdff_256x240.png"/> 
<file href="assets/css/start/images/ui-icons_f5e175_256x240.png"/> 
<file href="assets/css/start/images/ui-icons_f7a50d_256x240.png"/> 
<file href="assets/css/start/images/ui-icons_fcd113_256x240.png"/> 
<file href="assets/css/start/jquery-ui-1.11.4.custom.css"/> 
<file href="assets/css/start/jquery-ui-1.11.4.custom.min.css"/> 
<file href="assets/htmlimages/360_slide_OFF_Click.svg"/> 
<file href="assets/htmlimages/360_slide_OFF_Hover.svg"/> 
<file href="assets/htmlimages/360_slide_OFF_Normal.svg"/> 
<file href="assets/htmlimages/360_slide_ON_Click.svg"/> 
<file href="assets/htmlimages/360_slide_ON_Hover.svg"/> 
<file href="assets/htmlimages/360_slide_ON_normal.svg"/> 
<file href="assets/htmlimages/Answer_checkbox_correct.png"/> 
<file href="assets/htmlimages/Answer_checkbox_hover.png"/> 
<file href="assets/htmlimages/Answer_checkbox_incorrect.png"/> 
<file href="assets/htmlimages/Answer_checkbox_normal.png"/> 
<file href="assets/htmlimages/Answer_checkbox_select.png"/> 
<file href="assets/htmlimages/Answer_radio_correct.png"/> 
<file href="assets/htmlimages/Answer_radio_hover.png"/> 
<file href="assets/htmlimages/Answer_radio_incorrect.png"/> 
<file href="assets/htmlimages/Answer_radio_normal.png"/> 
<file href="assets/htmlimages/Answer_radio_select.png"/> 
<file href="assets/htmlimages/Graph.jpg"/> 
<file href="assets/htmlimages/HotspotDisplayImage.png"/> 
<file href="assets/htmlimages/HotspotDisplayText.png"/> 
<file href="assets/htmlimages/HotspotNavigation.png"/> 
<file href="assets/htmlimages/HotspotPlayAudio.png"/> 
<file href="assets/htmlimages/HotspotQuestionOverlays.png"/> 
<file href="assets/htmlimages/HotspotStaticActions.png"/> 
<file href="assets/htmlimages/Pause.gif"/> 
<file href="assets/htmlimages/Pause2x.gif"/> 
<file href="assets/htmlimages/Play.gif"/> 
<file href="assets/htmlimages/Play2x.gif"/> 
<file href="assets/htmlimages/Play_icon.png"/> 
<file href="assets/htmlimages/ThreeD_Close.svg"/> 
<file href="assets/htmlimages/ThreeD_HotspotDefaultGlow.png"/> 
<file href="assets/htmlimages/ThreeD_HotspotGlow.png"/> 
<file href="assets/htmlimages/ThreeD_Pause.svg"/> 
<file href="assets/htmlimages/ThreeD_Play.svg"/> 
<file href="assets/htmlimages/VR_menu_close_default@2x.png"/> 
<file href="assets/htmlimages/VR_menu_close_hover@2x.png"/> 
<file href="assets/htmlimages/VR_menu_close_select@2x.png"/> 
<file href="assets/htmlimages/VR_menu_default@2x.png"/> 
<file href="assets/htmlimages/VR_menu_hover@2x.png"/> 
<file href="assets/htmlimages/VR_menu_mute_default@2x.png"/> 
<file href="assets/htmlimages/VR_menu_mute_hover@2x.png"/> 
<file href="assets/htmlimages/VR_menu_mute_select@2x.png"/> 
<file href="assets/htmlimages/VR_menu_next_default@2x.png"/> 
<file href="assets/htmlimages/VR_menu_next_hover@2x.png"/> 
<file href="assets/htmlimages/VR_menu_next_select@2x.png"/> 
<file href="assets/htmlimages/VR_menu_pause_default@2x.png"/> 
<file href="assets/htmlimages/VR_menu_pause_hover@2x.png"/> 
<file href="assets/htmlimages/VR_menu_pause_select@2x.png"/> 
<file href="assets/htmlimages/VR_menu_play_default@2x.png"/> 
<file href="assets/htmlimages/VR_menu_play_hover@2x.png"/> 
<file href="assets/htmlimages/VR_menu_play_select@2x.png"/> 
<file href="assets/htmlimages/VR_menu_previous_default@2x.png"/> 
<file href="assets/htmlimages/VR_menu_previous_hover@2x.png"/> 
<file href="assets/htmlimages/VR_menu_previous_select@2x.png"/> 
<file href="assets/htmlimages/VR_menu_select@2x.png"/> 
<file href="assets/htmlimages/VR_move_left.png"/> 
<file href="assets/htmlimages/VR_move_right.png"/> 
<file href="assets/htmlimages/arrow_right.gif"/> 
<file href="assets/htmlimages/assessmenthotspotvisited.png"/> 
<file href="assets/htmlimages/assessmenthotspotvisited.svg"/> 
<file href="assets/htmlimages/assessmenthotspotvisited@2x.png"/> 
<file href="assets/htmlimages/ccClose.png"/> 
<file href="assets/htmlimages/checkBox_disabled.png"/> 
<file href="assets/htmlimages/checkBox_normal.png"/> 
<file href="assets/htmlimages/checkBox_selected.png"/> 
<file href="assets/htmlimages/checkBox_selectedDisabled.png"/> 
<file href="assets/htmlimages/checkboxchecked.png"/> 
<file href="assets/htmlimages/checkboxunchecked.png"/> 
<file href="assets/htmlimages/closeReviewButton.png"/> 
<file href="assets/htmlimages/correct_answer_normal.png"/> 
<file href="assets/htmlimages/correct_answer_small.png"/> 
<file href="assets/htmlimages/correct_question_normal.png"/> 
<file href="assets/htmlimages/correct_question_small.png"/> 
<file href="assets/htmlimages/dd_arrow.png"/> 
<file href="assets/htmlimages/expand_icon.png"/> 
<file href="assets/htmlimages/expand_icon@2x.png"/> 
<file href="assets/htmlimages/gesturemobileicon.png"/> 
<file href="assets/htmlimages/gesturemobileicon@2x.png"/> 
<file href="assets/htmlimages/gesturemobileimage2.png"/> 
<file href="assets/htmlimages/gesturemobilelandscape.png"/> 
<file href="assets/htmlimages/gesturetabletimage.png"/> 
<file href="assets/htmlimages/hotspot.gif"/> 
<file href="assets/htmlimages/hotspot_correct_answer_normal.png"/> 
<file href="assets/htmlimages/hotspot_incorrect_answer_normal.png"/> 
<file href="assets/htmlimages/img_trans.gif"/> 
<file href="assets/htmlimages/incorrect_answer_normal.png"/> 
<file href="assets/htmlimages/incorrect_answer_small.png"/> 
<file href="assets/htmlimages/incorrect_question_normal.png"/> 
<file href="assets/htmlimages/incorrect_question_small.png"/> 
<file href="assets/htmlimages/loader.gif"/> 
<file href="assets/htmlimages/loader_transparent.gif"/> 
<file href="assets/htmlimages/movieexpire.png"/> 
<file href="assets/htmlimages/partial_correct_question_normal.png"/> 
<file href="assets/htmlimages/partial_correct_question_small.png"/> 
<file href="assets/htmlimages/placeholder.png"/> 
<file href="assets/htmlimages/radioButton_disabled.png"/> 
<file href="assets/htmlimages/radioButton_normal.png"/> 
<file href="assets/htmlimages/radioButton_selected.png"/> 
<file href="assets/htmlimages/radioButton_selectedDisabled.png"/> 
<file href="assets/htmlimages/radiochecked.png"/> 
<file href="assets/htmlimages/radiounchecked.png"/> 
<file href="assets/htmlimages/sequenceReview.png"/> 
<file href="assets/htmlimages/skip_answer_normal.png"/> 
<file href="assets/htmlimages/skip_answer_small.png"/> 
<file href="assets/htmlimages/skip_question_normal.png"/> 
<file href="assets/htmlimages/skip_question_small.png"/> 
<file href="assets/htmlimages/toc.png"/> 
<file href="assets/htmlimages/vidbg.png"/> 
<file href="assets/htmlimages/vidfullscreen.png"/> 
<file href="assets/htmlimages/vidpause.png"/> 
<file href="assets/htmlimages/vidplay.png"/> 
<file href="assets/htmlimages/vidrewind.png"/> 
<file href="assets/htmlimages/vidslider.png"/> 
<file href="assets/htmlimages/vidstop.png"/> 
<file href="assets/htmlimages/vidvolume.png"/> 
<file href="assets/htmlimages/vidvolume2.png"/> 
<file href="assets/htmlimages/vidvolumemute.png"/> 
<file href="assets/js/CPM.js"/> 
<file href="assets/js/CPXHRLoader.js"/> 
<file href="assets/js/jquery-3.3.1.min.js"/> 
<file href="assets/playbar/playbarStyle.css"/> 
<file href="assets/toc/tocIcons/blankBookmark.png"/> 
<file href="assets/toc/tocIcons/clear.png"/> 
<file href="assets/toc/tocIcons/expander.png"/> 
<file href="assets/toc/tocIcons/fullBookmark.png"/> 
<file href="assets/toc/tocIcons/go.png"/> 
<file href="assets/toc/tocIcons/infoClose.png"/> 
<file href="assets/toc/tocIcons/moreinfo.png"/> 
<file href="assets/toc/tocIcons/searchBtnNormal.png"/> 
<file href="assets/toc/tocIcons/searchBtnSelect.png"/> 
<file href="assets/toc/tocIcons/visited.png"/> 
<file href="dr/img1.json"/> 
<file href="dr/imgmd.json"/> 
<file href="dr/loading.gif"/> 
<file href="goodbye.html"/> 
<file href="index_scorm.html"/> 
<file href="pools/QL_1658_L1/QL_1658_L1.js"/> 
<file href="pools/QL_1658_L1/dr/112020.png"/> 
<file href="pools/QL_1658_L1/dr/Text_Caption_7074.png"/> 
<file href="pools/QL_1658_L1/dr/Text_Caption_7087.png"/> 
<file href="pools/QL_1658_L1/dr/Text_Caption_7217.png"/> 
<file href="pools/QL_1658_L1/dr/si125919.png"/> 
<file href="pools/QL_1658_L1/dr/si125933.png"/> 
<file href="pools/QL_1658_L1/dr/si125935.png"/> 
<file href="pools/QL_1658_L1/dr/si125940.png"/> 
<file href="pools/QL_1658_L1/dr/si125942.png"/> 
<file href="pools/QL_1658_L1/dr/si125962.png"/> 
<file href="pools/QL_1658_L1/dr/si125986.png"/> 
<file href="pools/QL_1658_L1/dr/si125989.png"/> 
<file href="pools/QL_1658_L1/dr/si125991.png"/> 
<file href="pools/QL_1658_L1/dr/si125996.png"/> 
<file href="pools/QL_1658_L1/dr/si125998.png"/> 
<file href="pools/QL_1658_L1/dr/si126021.png"/> 
<file href="pools/QL_1658_L1/dr/si126075.png"/> 
<file href="pools/QL_1658_L1/dr/si126096.png"/> 
<file href="pools/QL_1658_L1/dr/si126098.png"/> 
<file href="pools/QL_1658_L1/dr/si126118.png"/> 
<file href="pools/QL_1658_L1/dr/si126142.png"/> 
<file href="pools/QL_1658_L1/dr/si126145.png"/> 
<file href="pools/QL_1658_L1/dr/si126147.png"/> 
<file href="pools/QL_1658_L1/dr/si126152.png"/> 
<file href="pools/QL_1658_L1/dr/si126154.png"/> 
<file href="pools/QL_1658_L1/dr/si126173.png"/> 
<file href="pools/QL_1658_L1/dr/si127876.png"/> 
<file href="pools/QL_1658_L1/dr/si127890.png"/> 
<file href="pools/QL_1658_L1/dr/si127892.png"/> 
<file href="pools/QL_1658_L1/dr/si127897.png"/> 
<file href="pools/QL_1658_L1/dr/si127899.png"/> 
<file href="pools/QL_1658_L1/dr/si127919.png"/> 
<file href="pools/QL_1658_L1/dr/si127943.png"/> 
<file href="pools/QL_1658_L1/dr/si127946.png"/> 
<file href="pools/QL_1658_L1/dr/si127948.png"/> 
<file href="pools/QL_1658_L1/dr/si127953.png"/> 
<file href="pools/QL_1658_L1/dr/si127955.png"/> 
<file href="pools/QL_1658_L1/dr/si127974.png"/> 
<file href="pools/QL_1658_L1/dr/si133403.png"/> 
<file href="pools/QL_1658_L1/dr/si133416.png"/> 
<file href="pools/QL_1658_L1/dr/si133431.png"/> 
<file href="pools/QL_1658_L1/dr/si133444.png"/> 
<file href="pools/QL_1658_L1/dr/si133459.png"/> 
<file href="pools/QL_1658_L1/dr/si133472.png"/> 
<file href="project.txt"/> 
<file href="Utilities.js"/> 
		</resource>
	</resources>
</manifest>
